/nutrition
-/nutrition/sports-nutrition
--/nutrition/sports-nutrition/proteins
--/nutrition/sports-nutrition/creatine
--/nutrition/sports-nutrition/pre-workout : Pre Workout
--/nutrition/sports-nutrition/intra-workout  :Intra Workout
--/nutrition/sports-nutrition/post-workout : Post Workout
--/nutrition/sports-nutrition/weight-gainer : Mass Gainer
--/nutrition/sports-nutrition/glutamine
--/nutrition/sports-nutrition/protein-bars  : Protein Bars
--/nutrition/sports-nutrition/fat-burner
--/nutrition/sports-nutrition/more...   : Other Supplements
--/nutrition/sports-nutrition/shakers-accessories        :Shakers & Accessories
--/nutrition/sports-nutrition/muscle-building-combos :Supersavers !!!
--/nutrition/sports-nutrition/nutrition-plan: Nutrition Plan
-/nutrition/dietary-supplements : Dietary Supplements
--/nutrition/dietary-supplements/multivitamins :  Multivitamins
---/nutrition/dietary-supplements/multivitamins/men-s-health  :Men's Health
---/nutrition/dietary-supplements/multivitamins/women-s-health   :Women's Health
---/nutrition/dietary-supplements/multivitamins/teen-s-health      :Teen's Health
--/nutrition/dietary-supplements/vitamin-a-z  : Vitamin A-Z
--/nutrition/dietary-supplements/all-minerals           :All Minerals
--/nutrition/dietary-supplements/anti-oxidant            : Anti-Oxidant
--/nutrition/dietary-supplements/fishoil-omegas   :Fishoil & Omegas
--/nutrition/dietary-supplements/hair-skin-nails  :Hair,Skin & Nails
--/nutrition/dietary-supplements/bones             :Bones
--/nutrition/dietary-supplements/eye               :Eye
--/nutrition/dietary-supplements/herbal-cleanser :Herbal Cleanser
--/nutrition/dietary-supplements/herbal-teas
--/nutrition/dietary-supplements/herbs-a-z  :Herbs A-Z
-/nutrition/condition-specific-supplements : Condition Specific
--/nutrition/condition-specific-supplements/cardiovascular
--/nutrition/condition-specific-supplements/joint-muscle    :Joint & Muscle
--/nutrition/condition-specific-supplements/stress-anxiety  :Stress & Anxiety
--/nutrition/condition-specific-supplements/digestion
--/nutrition/condition-specific-supplements/immunity
--/nutrition/condition-specific-supplements/blood-sugar :Diabetic Care
--/nutrition/condition-specific-supplements/brain-memory     :Brain & Memory
--/nutrition/condition-specific-supplements/vitality :Sexual Health
--/nutrition/condition-specific-supplements/energy-endurance     :Energy & Endurance
--/nutrition/condition-specific-supplements/daily-nutrition-combos :Everyday Supersavers!!!
-/nutrition/weight-management
--/nutrition/weight-management/fat-burner
--/nutrition/weight-management/appetite-control :Appetite Control
--/nutrition/weight-management/weight-maintenance :Weight Maintenance
--/nutrition/weight-management/meal-replacement :Meal Replacement
--/nutrition/weight-management/low-calorie-food
--/nutrition/weight-management/sweetener
--/nutrition/weight-management/diet-plan: Diet Plan
-/nutrition/specialty-nutrition  :Specialty Nutrition
--/nutrition/specialty-nutrition/ayurveda :Ayurveda
---/nutrition/specialty-nutrition/ayurveda/skin-hair-care  :Skin & Hair Care
---/nutrition/specialty-nutrition/ayurveda/cardiovascular
---/nutrition/specialty-nutrition/ayurveda/joint-muscle    :Joint & Muscle
---/nutrition/specialty-nutrition/ayurveda/stress-anxiety  :Stress & Anxiety
---/nutrition/specialty-nutrition/ayurveda/digestion
---/nutrition/specialty-nutrition/ayurveda/kidney-care     :Kidney Care
---/nutrition/specialty-nutrition/ayurveda/Stones
---/nutrition/specialty-nutrition/ayurveda/hangover-pills  :Hangover Pills
---/nutrition/specialty-nutrition/ayurveda/uterine-tonic   :Uterine Tonic
---/nutrition/specialty-nutrition/ayurveda/respiratory-care  :Respiratory Care
---/nutrition/specialty-nutrition/ayurveda/liver-care      :Liver Care
---/nutrition/specialty-nutrition/ayurveda/sleep-care      :Sleep Care
---/nutrition/specialty-nutrition/ayurveda/piles-fistula   :Piles & Fistula
---/nutrition/specialty-nutrition/ayurveda/laxative
---/nutrition/specialty-nutrition/ayurveda/natural-protein :Natural Protein
---/nutrition/specialty-nutrition/ayurveda/immunity
---/nutrition/specialty-nutrition/ayurveda/diet-pills      :Diet Pills
---/nutrition/specialty-nutrition/ayurveda/anti-allergy    :Anti Allergy
---/nutrition/specialty-nutrition/ayurveda/fibre
---/nutrition/specialty-nutrition/ayurveda/juices
---/nutrition/specialty-nutrition/ayurveda/blood-sugar :Diabetic Care
---/nutrition/specialty-nutrition/ayurveda/brain-memory     :Brain & Memory
---/nutrition/specialty-nutrition/ayurveda/vitality :Sexual Health
---/nutrition/specialty-nutrition/ayurveda/revitalize     :Revitalize
--/nutrition/specialty-nutrition/gluten-free-food  :Gluten Free Food
--/nutrition/specialty-nutrition/organic-food    :Organic Food
--/nutrition/specialty-nutrition/diabetic-food  :Diabetic Food
--/nutrition/specialty-nutrition/disorder-specific     :Disorder Specific
--/nutrition/specialty-nutrition/healthy-food  :Healthy Food
---/nutrition/specialty-nutrition/healthy-food/snacks
---/nutrition/specialty-nutrition/healthy-food/cereals
---/nutrition/specialty-nutrition/healhty-food/bars
---/nutrition/specialty-nutrition/healhty-food/food-preparations
---/nutrition/specialty-nutrition/healhty-food/daily-need       :Daily Need
--/nutrition/specialty-nutrition/infants  : Infants
--/nutrition/specialty-nutrition/kids  :Kids
--/nutrition/specialty-nutrition/mother : Mother
-/nutrition/fitness-accessories :Fitness Accessories
--/nutrition/fitness-accessories/abs-core : Abs & Core
---/nutrition/fitness-accessories/abs-core/pilates-yoga : Pilates & Yoga
---/nutrition/fitness-accessories/abs-core/fitness-mats
---/nutrition/fitness-accessories/abs-core/gym-balls
---/nutrition/fitness-accessories/abs-core/abs-oblique-trainers : Abs/Oblique Trainers
--/nutrition/fitness-accessories/strength-training
---/nutrition/fitness-accessories/strength-training/upper-body
---/nutrition/fitness-accessories/strength-training/arm-leg-weights : Arm & Leg Weights
---/nutrition/fitness-accessories/strength-training/medicine-balls
---/nutrition/fitness-accessories/strength-training/dumbbells
---/nutrition/fitness-accessories/strength-training/kettlebells
--/nutrition/fitness-accessories/aerobics-general-fitness : Aerobics & General Fitness
---/nutrition/fitness-accessories/aerobics-general-fitness/aerobic-steppers
---/nutrition/fitness-accessories/aerobics-general-fitness/hand-grips
---/nutrition/fitness-accessories/aerobics-general-fitness/jump-ropes
---/nutrition/fitness-accessories/aerobics-general-fitness/resistance-bands
--/nutrition/fitness-accessories/support-gear
---/nutrition/fitness-accessories/support-gear/hand-wrist : Hand & Wrist
---/nutrition/fitness-accessories/support-gear/back
---/nutrition/fitness-accessories/support-gear/knee
---/nutrition/fitness-accessories/support-gear/elbow
---/nutrition/fitness-accessories/support-gear/thighs
---/nutrition/fitness-accessories/support-gear/ankle
--/nutrition/fitness-accessories/rehabilitation-supports
--/nutrition/fitness-accessories/combos
--/nutrition/fitness-accessories/miscellaneous-accessories
--/nutrition/fitness-accessories/sklz : SKLZ

/sports : Sports & Fitness
-/sports/fitness-accessories
--/sports/fitness-accessories/abs-core : Abs & Core
---/sports/fitness-accessories/abs-core/pilates-yoga : Pilates & Yoga
---/sports/fitness-accessories/abs-core/fitness-mats
---/sports/fitness-accessories/abs-core/gym-balls
---/sports/fitness-accessories/abs-core/abs-oblique-trainers : Abs/Oblique Trainers
--/sports/fitness-accessories/strength-training
---/sports/fitness-accessories/strength-training/upper-body
---/sports/fitness-accessories/strength-training/arm-leg-weights : Arm & Leg Weights
---/sports/fitness-accessories/strength-training/medicine-balls
---/sports/fitness-accessories/strength-training/dumbbells
---/sports/fitness-accessories/strength-training/kettlebells
--/sports/fitness-accessories/aerobics-general-fitness : Aerobics & General Fitness
---/sports/fitness-accessories/aerobics-general-fitness/aerobic-steppers
---/sports/fitness-accessories/aerobics-general-fitness/hand-grips
---/sports/fitness-accessories/aerobics-general-fitness/jump-ropes
---/sports/fitness-accessories/aerobics-general-fitness/resistance-bands
--/sports/fitness-accessories/support-gear
---/sports/fitness-accessories/support-gear/hand-wrist : Hand & Wrist
---/sports/fitness-accessories/support-gear/back
---/sports/fitness-accessories/support-gear/knee
---/sports/fitness-accessories/support-gear/elbow
---/sports/fitness-accessories/support-gear/thighs
---/sports/fitness-accessories/support-gear/ankle
--/sports/fitness-accessories/rehabilitation-supports
--/sports/fitness-accessories/combos
--/sports/fitness-accessories/miscellaneous-accessories
--/sports/fitness-accessories/sklz : SKLZ
-/sports/fitness-equipment
--/sports/fitness-equipment/treadmills
---/sports/fitness-equipment/treadmills/home
---/sports/fitness-equipment/treadmills/commercial
--/sports/fitness-equipment/crosstrainers
---/sports/fitness-equipment/crosstrainers/home
---/sports/fitness-equipment/crosstrainers/commercial
--/sports/fitness-equipment/exercise-bike
---/sports/fitness-equipment/exercise-bike/home
---/sports/fitness-equipment/exercise-bike/commercial
--/sports/fitness-equipment/rowers
--/sports/fitness-equipment/home-gym
--/sports/fitness-equipment/steppers
--/sports/fitness-equipment/bench-equipments
--/sports/fitness-equipment/heart-rate-monitors
---/sports/fitness-equipment/heart-rate-monitors/accessories
--/sports/fitness-equipment/miscellaneous-equipments
-/sports/sports-equipment
--/sports/sports-equipment/football
---/sports/sports-equipment/football/balls
---/sports/sports-equipment/football/gloves
---/sports/sports-equipment/football/shin-guards
---/sports/sports-equipment/football/accessories
--/sports/sports-equipment/badminton
---/sports/sports-equipment/badminton/rackets
---/sports/sports-equipment/badminton/shuttles
---/sports/sports-equipment/badminton/accessories
--/sports/sports-equipment/table-tennis
---/sports/sports-equipment/table-tennis/tt-tables: TT Tables
---/sports/sports-equipment/table-tennis/rackets
---/sports/sports-equipment/table-tennis/blades
---/sports/sports-equipment/table-tennis/rubbers
---/sports/sports-equipment/table-tennis/balls
---/sports/sports-equipment/table-tennis/accessories
--/sports/sports-equipment/cricket
---/sports/sports-equipment/cricket/bats
---/sports/sports-equipment/cricket/balls
---/sports/sports-equipment/cricket/gloves
---/sports/sports-eqipment/cricket/helmets
---/sports/sports-equipment/cricket/pads
---/sports/sports-equipment/cricket/accessories
--/sports/sports-equipment/swimming
---/sports/sports-equipment/swimming/goggles
---/sports/sports-equipment/swimming/caps
---/sports/sports-equipment/swimming/accessories
---/sports/sports-equipment/swimming/combos
--/sports/sports-equipment/tennis
---/sports/sports-equipment/tennis/rackets
---/sports/sports-equipment/tennis/balls
---/sports/sports-equipment/tennis/strings
---/sports/sports-equipment/tennis/accessories
--/sports/sports-equipment/basketball
---/sports/sports-equipment/basketball/balls
---/sports/sports-equipment/basketball/accessories
--/sports/sports-equipment/squash
---/sports/sports-equipment/squash/rackets
---/sports/sports-equipment/squash/balls
---/sports/sports-equipment/squash/strings
---/sports/sports-equipment/squash/accessories
--/sports/sports-equipment/boxing
---/sports/sports-equipment/boxing/punching-bags
---/sports/sports-equipment/boxing/gloves
---/sports/sports-equipment/boxing/wraps
---/sports/sports-equipment/boxing/protection-gear
---/sports/sports-equipment/boxing/boxing-clothing
---/sports/sports-equipment/boxing/jabs
---/sports/sports-equipment/boxing/accessories
--/sports/sports-equipment/golf
--/sports/sports-equipment/skating
--/sports/sports-equipment/other-balls
--/sports/sports-equipment/combos
--/sports/sports-equipment/sklz : SKLZ
-/sports/apparel
--/sports/apparel/men
--/sports/apparel/women
--/sports/apparel/kids
--/sports/apparel/bags
--/sports/apparel/bottles-shakers : Bottles & Shakers
--/sports/apparel/miscellaneous
-/sports/footwear
--/sports/footwear/lifestyle-sport
--/sports/footwear/football-shoes
--/sports/footwear/athletics-shoes
--/sports/footwear/court-shoes
--/sports/footwear/basketball-shoes
--/sports/footwear/cricket-shoes
--/sports/footwear/jogging-shoes
--/sports/footwear/table-tennis-shoes
--/sports/footwear/kids-shoes
--/sports/footwear/other-shoes
--/sports/footwear/accessories

/diabetes
-/diabetes/devices : Monitoring Devices
--/diabetes/devices/meters : Glucose Meters
--/diabetes/devices/bp-monitor : BP Monitors
--/diabetes/devices/body-fat-monitor: Body Fat Monitors
--/diabetes/devices/step-counter: Step Counters
-/diabetes/testing-supplies
--/diabetes/testing-supplies/strips
--/diabetes/testing-supplies/lancets
--/diabetes/testing-supplies/lancing-devices
--/diabetes/testing-supplies/insulin-supplies
-/diabetes/diabetic-food
--/diabetes/diabetic-food/sweetener : Sweetners
--/diabetes/diabetic-food/sugar-free-drinks : Sugar Free Drinks
--/diabetes/diabetic-food/sugar-free-food-candy : Sugar Free Food
--/diabetes/diabetic-food/diabetic-supplements
-/diabetes/foot-care
--/diabetes/foot-care/insoles-and-heelcups : Insoles & Heel Cups
--/diabetes/foot-care/sock-and-slippers : Socks & Slippers
--/diabetes/foot-care/neat-and-fresh-feet : Neat & Fresh Feet
--/diabetes/foot-care/guards-and-supports : Guards & Supports
-/diabetes/what-s-new : What's New
--/diabetes/what-s-new/just-in  :Just In
--/diabetes/what-s-new/combos
--/diabetes/what-s-new/diabetes-checkups : Diabetes Checkups
--/diabetes/what-s-new/diabetes-management : Diabetes Management

/home-devices
-/home-devices/blood-pressure
--/home-devices/blood-pressure/bp-monitor : BP Monitors
---/home-devices/blood-pressure/bp-monitor/arm-bp-monitor : Arm Type
---/home-devices/blood-pressure/bp-monitor/wrist-bp-monitor : Wrist Type
--/home-devices/blood-pressure/bp : BP Appratus
---/home-devices/blood-pressure/bp/aneroid-sphygmomanometer : Aneroid
---/home-devices/blood-pressure/bp/clock-type-sphygmomanometer: Clock
---/home-devices/blood-pressure/bp/mercury-sphygmomanometer : Mercury
---/home-devices/blood-pressure/bp/mercury-free-sphygmomanometer: Mercury Free
---/home-devices/blood-pressure/bp/electrical-sphygmomanometer: Electrical
--/home-devices/blood-pressure/heart-rate-monitor : Heart Rate Monitors






--/home-devices/blood-pressure/accessories
--/home-devices/blood-pressure/combo : Combos
-/home-devices/respiratory-care
--/home-devices/respiratory-care/nebulizer: Nebulizers
---/home-devices/respiratory-care/nebulizer/compressor-nebulizer: Compressor
---/home-devices/respiratory-care/nebulizer/ultrasonic-nebulizer: Ultrasonic
---/home-devices/respiratory-care/nebulizer/nebulizer-for-kids: For Kids
--/home-devices/respiratory-care/oxygen-concentrator : Oxygen Concentrators
--/home-devices/respiratory-care/pulse-oximeters : Pulse Oximeters
---/home-devices/respiratory-care/pulse-oximeters/fingertip-oximeter: Finger Tip
---/home-devices/respiratory-care/pulse-oximeters/Wrist-oximeter: Wrist
---/home-devices/respiratory-care/pulse-oximeters/handheld-oximeter: Handheld
--/home-devices/respiratory-care/cpap-machines : CPAP Machines
--/home-devices/respiratory-care/vpap-devices : BiPAP Machines
--/home-devices/respiratory-care/nasal-face-masks : Nasal Face Masks
--/home-devices/respiratory-care/lung-exerciser: Lung Exercisers



-/home-devices/supports
--/home-devices/supports/cervical-support
---/home-devices/supports/cervical-support/collars
---/home-devices/supports/cervical-support/pillows

--/home-devices/supports/shoulder-support : Shoulder
--/home-devices/supports/elbow-support : Elbow
--/home-devices/supports/wrist-support : Wrist
--/home-devices/supports/finger-splints : Finger
--/home-devices/supports/back-support : Back
--/home-devices/supports/knee-support : Knee
--/home-devices/supports/thigh-support : Thigh
--/home-devices/supports/calf-support : Calf
--/home-devices/supports/ankle-support : Ankle

-/home-devices/rehabilitation-aids
--/home-devices/rehabilitation-aids/walking-aids
---/home-devices/rehabilitation-aids/walking-aids/walking-sticks
---/home-devices/rehabilitation-aids/walking-aids/crutches
---/home-devices/rehabilitation-aids/walking-aids/walkers
--/home-devices/rehabilitation-aids/wheel-chair
---/home-devices/rehabilitation-aids/wheel-chair/power-wheel-chairs: Powered
---/home-devices/rehabilitation-aids/wheel-chair/manual-wheel-chairs: Manual
---/home-devices/rehabilitation-aids/wheel-chair/commode : Commode/Stools
--/home-devices/rehabilitation-aids/physiotherapy-aids
--/home-devices/rehabilitation-aids/orthotic-aids
---/home-devices/rehabilitation-aids/orthotic-aids/knee
---/home-devices/rehabilitation-aids/orthotic-aids/foot-drop-splints
--/home-devices/rehabilitation-aids/traction-kits
--/home-devices/rehabilitation-aids/bandages
---/home-devices/rehabilitation-aids/bandages/crepe-bandages
---/home-devices/rehabilitation-aids/bandages/band-aids
--/home-devices/rehabilitation-aids/compression-stockings : Compression Stockings
--/home-devices/rehabilitation-aids/foot-care : Foot Care
--/home-devices/rehabilitation-aids/sport-utility-products : Sport/Fitness Utility
--/home-devices/rehabilitation-aids/fracture-products : Fracture
-/home-devices/clinical-supplies
--/home-devices/clinical-supplies/stethoscope
--/home-devices/clinical-supplies/steth-accessories : Stethoscope Parts & Accessories
---/home-devices/clinical-supplies/steth-accessories/non-chill-bell-sleeves : Nonchill Bell Sleeves
---/home-devices/clinical-supplies/steth-accessories/tunable-diaphragm-rim-assemblies : Tunable Diaphragm & RIM Assemblies
---/home-devices/clinical-supplies/steth-accessories/rims-snap-on : RIMS & SNAP-ON
---/home-devices/clinical-supplies/steth-accessories/diaphragms : Diaphragms
---/home-devices/clinical-supplies/steth-accessories/diaphragms-snap-on-rim : Diaphragms & SNAP-On RIM
---/home-devices/clinical-supplies/steth-accessories/spares
---/home-devices/clinical-supplies/steth-accessories/ear-tips
---/home-devices/clinical-supplies/steth-accessories/binaurals
---/home-devices/clinical-supplies/steth-accessories/chest-piece
--/home-devices/clinical-supplies/fetal-doppler
--/home-devices/clinical-supplies/first-aid-kits
--/home-devices/clinical-supplies/dressing-aids
---/home-devices/clinical-supplies/dressing-aids/tapes
---/home-devices/clinical-supplies/dressing-aids/gauze-swabs
---/home-devices/clinical-supplies/dressing-aids/undersheets
---/home-devices/clinical-supplies/dressing-aids/dressing-kits
--/home-devices/clinical-supplies/clinical-products/knee-hammer
--/home-devices/clinical-supplies/clinical-products
---/home-devices/clinical-supplies/clinical-products/ecg : ECG Machines
---/home-devices/clinical-supplies/clinical-products/dressing-kits
---/home-devices/clinical-supplies/clinical-products/surgical-tape
---/home-devices/clinical-supplies/clinical-products/examination-gloves
---/home-devices/clinical-supplies/clinical-products/surgical-cap
---/home-devices/clinical-supplies/clinical-products/face-mask
---/home-devices/clinical-supplies/clinical-products/uniforms
---/home-devices/clinical-supplies/clinical-products/urine-pot : Urine Pot/Bed Pan
--/home-devices/clinical-supplies/bed : Air/Water bed
--/home-devices/clinical-supplies/medicine : Medicine Management
--/home-devices/clinical-supplies/urinary-system
--/home-devices/clinical-supplies/hearing-aids
--/home-devices/clinical-supplies/eye-patch
--/home-devices/clinical-supplies/suction-devices
--/home-devices/clinical-supplies/health-aids
-/home-devices/miscellaneous
--/home-devices/miscellaneous/digital-thermometer : Digital Thermometer
---/home-devices/miscellaneous/flexible-tip
---/home-devices/miscellaneous/rigid-tip
---/home-devices/miscellaneous/forehead-thermometer
---/home-devices/miscellaneous/no-contact-thermometer
---/home-devices/miscellaneous/ear-thermometer
--/home-devices/miscellaneous/weighing-scales : Weighing Scales
--/home-devices/miscellaneous/weight-management
---/home-devices/miscellaneous/weight-management/body-fat-monitor
---/home-devices/miscellaneous/weight-management/step-counter
---/home-devices/miscellaneous/weight-management/slimming-products : Slimming
--/home-devices/miscellaneous/massager
---/home-devices/miscellaneous/massager/back-massager
---/home-devices/miscellaneous/massager/infrared-massager
---/home-devices/miscellaneous/massager/handheld
---/home-devices/miscellaneous/massager/abdominal-massager
---/home-devices/miscellaneous/massager/foot-massage
---/home-devices/miscellaneous/massager/footbath
--/home-devices/miscellaneous/pain-management
--/home-devices/miscellaneous/light-therapy
--/home-devices/miscellaneous/heat-treatment : Heat/Cold Treatment
---/home-devices/miscellaneous/heat-treatment/heat-therapy
---/home-devices/miscellaneous/heat-treatment/heating-pads
---/home-devices/miscellaneous/heat-treatment/under-blankets
---/home-devices/miscellaneous/heat-treatment/foot-warmer
---/home-devices/miscellaneous/heat-treatment/over-blankets
---/home-devices/miscellaneous/heat-treatment/hot-cold-pack
--/home-devices/miscellaneous/morning-walker
--/home-devices/miscellaneous/personal-hygiene
--/home-devices/miscellaneous/steamer : Steamer/Vaporiser
--/home-devices/miscellaneous/air-humidifiers
--/home-devices/miscellaneous/stature-meter

/eye
-/eye/lenses
--/eye/lenses/yearly
--/eye/lenses/monthly-disposables
--/eye/lenses/2-weekly-disposables
--/eye/lenses/daily-disposables
--/eye/lenses/multi-focal-lenses
--/eye/lenses/toric-lenses
--/eye/lenses/color-lenses
-/eye/sunglasses
--/eye/sunglasses/aviator       :Aviator
--/eye/sunglasses/square         :Square
--/eye/sunglasses/cat-eye       :Cat Eye
--/eye/sunglasses/wayfarer      :Wayfarer
--/eye/sunglasses/wrap          :Wrap
--/eye/sunglasses/retro         :Retro
--/eye/sunglasses/women
--/eye/sunglasses/men
--/eye/sunglasses/unisex
--/eye/sunglasses/kids    :   Kids
-/eye/eyeglasses :Eyeglasses
--/eye/eyeglasses/half-rim :Half Rim
---/eye/eyeglasses/half-rim/small   : Small
---/eye/eyeglasses/half-rim/medium  : Medium
---/eye/eyeglasses/half-rim/large   :   Large
---/eye/eyeglasses/half-rim/oval
---/eye/eyeglasses/half-rim/rectangular
--/eye/eyeglasses/full-rim :Full Rim
---/eye/eyeglasses/full-rim/small   : Small
---/eye/eyeglasses/full-rim/medium  : Medium
---/eye/eyeglasses/full-rim/large   :   Large
---/eye/eyeglasses/full-rim/oval
---/eye/eyeglasses/full-rim/rectangular
--/eye/eyeglasses/frameless
---/eye/eyeglasses/frameless/small   : Small
---/eye/eyeglasses/frameless/medium  : Medium
---/eye/eyeglasses/frameless/large   :   Large
---/eye/eyeglasses/frameless/oval
---/eye/eyeglasses/frameless/rectangular
--/eye/eyeglasses/reading-glasses :Reading Glasses
--/eye/eyeglasses/kids :  Kids
--/eye/eyeglasses/men    : Men
---/eye/eyeglasses/men/small   : Small
---/eye/eyeglasses/men/medium  : Medium
---/eye/eyeglasses/men/large   :   Large
---/eye/eyeglasses/men/oval
---/eye/eyeglasses/men/rectangular
--/eye/eyeglasses/women   :  Women
---/eye/eyeglasses/women/small   : Small
---/eye/eyeglasses/women/medium  : Medium
---/eye/eyeglasses/women/large   :   Large
---/eye/eyeglasses/women/oval
---/eye/eyeglasses/women/rectangular
--/eye/eyeglasses/unisex   : Unisex
---/eye/eyeglasses/unisex/small   : Small
---/eye/eyeglasses/unisex/medium  : Medium
---/eye/eyeglasses/unisex/large   :   Large
---/eye/eyeglasses/unisex/oval
---/eye/eyeglasses/unisex/rectangular
-/eye/eye-care
--/eye/eye-care/solutions
--/eye/eye-care/lens-case
--/eye/eye-care/lens-cleaner :Lens Cleaner
--/eye/eye-care/eye-patches : Eye Patches
--/eye/eye-care/under-eye-creams : Under Eye Creams
--/eye/eye-care/relaxing-masks : Relaxing Masks
--/eye/eye-care/eye-supplements  :Eye Supplements
-/eye/what-s-new  :What's New
--/eye/what-s-new/just-in :Just In
--/eye/what-s-new/top-deals:Top Deals
--/eye/what-s-new/gift-kits:  Gift Kits
--/eye/what-s-new/eye-care-services:Eye Care Services

/personal-care
-/personal-care/elderly-care:Elderly Care
--/personal-care/elderly-care/adult-diapers
---/personal-care/elderly-care/adult-diapers/pull-ups-diapers: Pull Ups Diapers
---/personal-care/elderly-care/adult-diapers/diapers
---/personal-care/elderly-care/adult-diapers/underpads
---/personal-care/elderly-care/adult-diapers/diaper-rash-cream: Diaper Rash Cream
--/personal-care/elderly-care/support-systems
---/personal-care/elderly-care/support-systems/crepe-bandages:Crepe Bandages
---/personal-care/elderly-care/support-systems/cervical-supports:Cervical Supports
---/personal-care/elderly-care/support-systems/shoulder-clavicle-supports:Shoulder & Clavicle Supports
---/personal-care/elderly-care/support-systems/chest-supports:Chest Supports
---/personal-care/elderly-care/support-systems/wrist-forearm-supports:Wrist & Forearm Supports
---/personal-care/elderly-care/support-systems/elbow-thumb-supports:Elbow & Thumb Supports
---/personal-care/elderly-care/support-systems/arm-supports:Arm Supports
---/personal-care/elderly-care/support systems/abdominal-supports:Abdominal Supports
---/personal-care/elderly-care/support-systems/back-supports:Back Supports
---/personal-care/elderly-care/support-systems/compression-supports:Compression Supports
---/personal-care/elderly-care/support systems/knee-supports:Knee Supports
---/personal-care/elderly-care/support-systems/ankle-supports:Ankle Supports
---/personal-care/elderly-care/support-systems/traction-accessories:Traction Accessories
---/personal-care/elderly-care/support-systems/premium-range:Premium Range
--/personal-care/elderly-care/nutrition
--/personal-care/elderly-care/diagnostics
---/personal-care/elderly-care/diagnostics/bp-monitor: BP Monitors
---/personal-care/elderly-care/diagnostics/strips
---/personal-care/elderly-care/diagnostics/meters: Blood Glucose Meters
--/personal-care/elderly-care/massagers
--/personal-care/elderly-care/mobility-aids: Mobility Aids
---/personal-care/elderly-care/mobility-aids/power-wheel-chairs: Power Wheel Chairs
---/personal-care/elderly-care/mobility-aids/manual-wheel-chairs: Manual Wheel Chairs
---/personal-care/elderly-care/mobility-aids/commode : Commode Wheel Chairs/Stools
---/personal-care/elderly-care/mobility-aids/walking-sticks: Walking Sticks
---/personal-care/elderly-care/mobility-aids/walkers
--/personal-care/elderly-care/orthopedic-care: Orthopedic Care
--/personal-care/elderly-care/hot-cold-therapy: Hot & Cold Therapy
--/personal-care/elderly-care/respiratory-care: Respiratory Care
--/personal-care/elderly-care/hearing-aids: Hearing Aids
--/personal-care/elderly-care/mobiles
--/personal-care/elderly-care/elderly-care-services: Elderly Care Services
-/personal-care/women
--/personal-care/women/sanitary-napkins
--/personal-care/women/tampons
--/personal-care/women/panty-liners:Panty Liners
--/personal-care/women/ovulation-kits
--/personal-care/women/menopause-kits
--/personal-care/women/pregnancy
---/personal-care/women/pregnancy/pregnancy-kits
---/personal-care/women/pregnancy/pre-pregnancy : Pre Pregnancy
---/personal-care/women/pregnancy/post-pregnancy : Post Pregnancy
--/personal-care/women/chlamydia-test
--/personal-care/women/condoms
--/personal-care/women/intimate-care:Intimate Care
--/personal-care/women/combo-offers
-/personal-care/sexual-care
--/personal-care/sexual-care/accessories
--/personal-care/sexual-care/condoms
--/personal-care/sexual-care/female-condoms: Female Condoms
--/personal-care/sexual-care/fertility
---/personal-care/sexual-care/fertility/men
---/personal-care/sexual-care/fertility/women
--/personal-care/sexual-care/combo-offers
-/personal-care/foot-care-pedicure : Foot Care/Pedicure
--/personal-care/foot-care-pedicure/fresh-feet
--/personal-care/foot-care-pedicure/beautiful-feet
--/personal-care/foot-care-pedicure/comfortable-feet
--/personal-care/foot-care-pedicure/nail-care : Nail Care
---/personal-care/foot-care-pedicure/nail-care/nail-clippers : Nail Clippers
---/personal-care/foot-care-pedicure/nail-care/nail-cleaners : Nail Cleaners
---/personal-care/foot-care-pedicure/nail-care/nail-file : Nail File
---/personal-care/foot-care-pedicure/nail-care/miscellaneous
--/personal-care/foot-care-pedicure/combo-offers
-/personal-care/oral-hygiene
--/personal-care/oral-hygiene/special-toothbrushes : Special Toothbrushes
--/personal-care/oral-hygiene/electronic-toothbrushes : Electronic Toothbrushes
---/personal-care/oral-hygiene/electronic-toothbrushes/juniors
---/personal-care/oral-hygiene/electronic-toothbrushes/Adults
---/personal-care/oral-hygiene/electronic-toothbrushes/refills
--/personal-care/oral-hygiene/interdental-brush : Interdental Brush
--/personal-care/oral-hygiene/mini-flosser : Mini Flosser
--/personal-care/oral-hygiene/tongue-cleaner : Tongue Cleaner
--/personal-care/oral-hygiene/mouth-wash-freshener : Mouth Wash & Freshener
--/personal-care/oral-hygiene/toothpaste
--/personal-care/oral-hygiene/accessories
-/personal-care/misc
--/personal-care/misc/deals
--/personal-care/misc/mosquito-repellents : Mosquito Repellents
--/personal-care/misc/smoking-cessation: Smoking Cessation
--/personal-care/misc/wipes-tissues: Wipes & Tissues
--/personal-care/misc/self-defense : Self Defense
---/personal-care/misc/pepper-spray:Pepper Spray
---/personal-care/misc/alarms
--/personal-care/misc/travel-kits:Travel Kits
--/personal-care/misc/sanitizers
--/personal-care/misc/safety-scissors
--/personal-care/misc/pain-relief : Pain Relief
--/personal-care/misc/air-freshener : Air Freshener
--/personal-care/misc/buds
--/personal-care/misc/cotton-balls     :     Cotton Balls

/beauty
-/beauty/what-s-new: What's New
--/beauty/what-s-new/new-arrivals
--/beauty/what-s-new/gift-ideas
---/beauty/what-s-new/gift-ideas/for-her
---/beauty/what-s-new/gift-ideas/for-him
--/beauty/what-s-new/limited-period-offers
--/beauty/what-s-new/natural-products
--/beauty/what-s-new/home-spa-products
--/beauty/what-s-new/organic-skin-care
--/beauty/what-s-new/organic-make-up
--/beauty/what-s-new/personal-hygiene
---/beauty/what-s-new/personal-hygiene/sanitary-napkins
---/beauty/what-s-new/personal-hygiene/tampons
---/beauty/what-s-new/personal-hygiene/panty-liners:Panty Liners
---/beauty/what-s-new/personal-hygiene/ovulation-kits
---/beauty/what-s-new/personal-hygiene/menopause-kits
---/beauty/what-s-new/personal-hygiene/pregnancy
---/beauty/what-s-new/personal-hygiene/chlamydia-test
---/beauty/what-s-new/personal-hygiene/condoms
---/beauty/what-s-new/personal-hygiene/intimate-care:Intimate Care
---/beauty/what-s-new/personal-hygiene/combo-offers
--/beauty/what-s-new/women-nutrition
---/beauty/what-s-new/women-nutrition/fertility
---/beauty/what-s-new/women-nutrition/calcium
---/beauty/what-s-new/women-nutrition/wellness
---/beauty/what-s-new/women-nutrition/weight-watch
--/beauty/what-s-new/spas-salons : Spas & Salons
-/beauty/face-care
--/beauty/face-care/cleanser
---/beauty/face-care/cleanser/normal
---/beauty/face-care/cleanser/oily
---/beauty/face-care/cleanser/dry
---/beauty/face-care/cleanser/cleansing-milk
--/beauty/face-care/toner
--/beauty/face-care/cream
---/beauty/face-care/cream/normal
---/beauty/face-care/cream/oily
---/beauty/face-care/cream/dry
--/beauty/face-care/lotion
---/beauty/face-care/lotion/normal
---/beauty/face-care/lotion/oily
---/beauty/face-care/lotion/dry
--/beauty/face-care/scrub
--/beauty/face-care/fairness
--/beauty/face-care/acne-blemish-control
--/beauty/face-care/night-treatment
--/beauty/face-care/anti-aging
---/beauty/face-care/anti-aging/creams
---/beauty/face-care/anti-aging/serum
--/beauty/face-care/sun-protection
--/beauty/face-care/facial
---/beauty/face-care/facial/bleach
---/beauty/face-care/facial/massage-cream
---/beauty/face-care/facial/gel
---/beauty/face-care/facial/kit
--/beauty/face-care/mask-pack : Mask & Pack
--/beauty/face-care/eye-care
-/beauty/bath-body : Bath & Body
--/beauty/bath-body/soap-body-wash : Soap & Body Wash
---/beauty/bath-body/soap-body-wash/soap
---/beauty/bath-body/soap-body-wash/body-wash
--/beauty/bath-body/body-scrub
--/beauty/bath-body/bath-salts-bubbles : Bath Salts & Bubbles
--/beauty/bath-body/body-lotion
--/beauty/bath-body/body-treatment
---/beauty/bath-body/body-treatment/anti-marks
---/beauty/bath-body/body-treatment/body-oil
--/beauty/bath-body/body-shaping
---/beauty/bath-body/body-shaping/creams
---/beauty/bath-body/body-shaping/shapewear
---/beauty/bath-body/body-shaping/accessories
--/beauty/bath-body/talc-deodorant : Talc & Deodorant
---/beauty/bath-body/talc-deodorant/talc
---/beauty/bath-body/talc-deodorant/deodorant
--/beauty/bath-body/hand-foot-care : Hand & Foot Care
---/beauty/bath-body/hand-foot-care/hand-care
---/beauty/bath-body/hand-foot-care/foot-care
--/beauty/bath-body/hair-removal
--/beauty/bath-body/accessories
--/beauty/bath-body/camisoles
--/beauty/bath-body/fragrances
-/beauty/make-up
--/beauty/make-up/organic-make-up
--/beauty/make-up/face
---/beauty/make-up/face/primer
---/beauty/make-up/face/concealer
---/beauty/make-up/face/foundation
---/beauty/make-up/face/powder
---/beauty/make-up/face/blush
---/beauty/make-up/face/highlighter
--/beauty/make-up/eyes
---/beauty/make-up/eyes/kohl
---/beauty/make-up/eyes/eye-liner
---/beauty/make-up/eyes/eye-brow
---/beauty/make-up/eyes/mascara
---/beauty/make-up/eyes/eye-shadow
---/beauty/make-up/eyes/false-eyelashes
--/beauty/make-up/lips
---/beauty/make-up/lips/lip-gloss
---/beauty/make-up/lips/lipstick
---/beauty/make-up/lips/lip-liner
---/beauty/make-up/lips/lip-balm
--/beauty/make-up/nail
---/beauty/make-up/nail/nail-polish
---/beauty/make-up/nail/remover
---/beauty/make-up/nail/nail-treatment
---/beauty/make-up/nail/nail-art
---/beauty/make-up/nail/nail-tools
--/beauty/make-up/kit
--/beauty/make-up/body
--/beauty/make-up/make-up-remover
--/beauty/make-up/tools
---/beauty/make-up/tools/brushes-applicators : Brushes & Applicators
---/beauty/make-up/tools/eyelash-curler
---/beauty/make-up/tools/tweezers
---/beauty/make-up/tools/mirror
---/beauty/make-up/tools/other
--/beauty/make-up/wipes-tissues : Wipes & Tissues
--/beauty/make-up/sindoor
--/beauty/make-up/coloured-lenses
-/beauty/hair-care
--/beauty/hair-care/shampoo
--/beauty/hair-care/conditioner
--/beauty/hair-care/hair-mask
--/beauty/hair-care/hair-color
--/beauty/hair-care/hair-oil
--/beauty/hair-care/serum
--/beauty/hair-care/styling-products
--/beauty/hair-care/hair-loss-treatment : Hair Loss & Treatment
---/beauty/hair-care/hair-loss-treatment/hair-loss
---/beauty/hair-care/hair-loss-treatment/anti-dandruff
--/beauty/hair-care/hair-styling-tools
---/beauty/hair-care/hair-styling-tools/dryers
---/beauty/hair-care/hair-styling-tools/straighteners
---/beauty/hair-care/hair-styling-tools/curlers
---/beauty/hair-care/hair-styling-tools/accessories
--/beauty/hair-care/combs-brushes : Combs & Brushes
---/beauty/hair-care/combs-brushes/comb
---/beauty/hair-care/combs-brushes/brush
-/beauty/men
--/beauty/men/shaving
---/beauty/men/shaving/cream-foam-gel : Cream, Foam & Gel
---/beauty/men/shaving/razor
---/beauty/men/shaving/cartridges
---/beauty/men/shaving/shaver
---/beauty/men/shaving/after-shave
---/beauty/men/shaving/kits
---/beauty/men/shaving/brush
--/beauty/men/deodorant
--/beauty/men/hair-gel
--/beauty/men/shower-gel
--/beauty/men/lotion
--/beauty/men/fairness
--/beauty/men/face-wash
--/beauty/men/face-mask
--/beauty/men/talc
--/beauty/men/fragrances

/baby
-/baby/diapering
--/baby/diapering/diapers
--/baby/diapering/wipes
--/baby/diapering/diaper-rash-cream
--/baby/diapering/cloth-diapers-nappies : Cloth Diapers/Nappies
-/baby/baby-food
--/baby/baby-food/cereal
--/baby/baby-food/puree
--/baby/baby-food/formula
--/baby/baby-food/supplements
--/baby/baby-food/mom-supplements
-/baby/feeding-nursing : Feeding & Nursing
--/baby/feeding-nursing/breast-feeding
--/baby/feeding-nursing/bottles-accessories : Bottles & Accessories
--/baby/feeding-nursing/bottle-cleaning-sterlization : Bottle Cleaning & Sterlization
--/baby/feeding-nursing/sippers-cups : Sippers & Cups
--/baby/feeding-nursing/dishes-utensils : Dishes & Utensils
--/baby/feeding-nursing/bibs
-/baby/bath-skincare : Bath & Skincare
--/baby/bath-skincare/soaps-shampoos-body-wash : Soaps, Shampoos & Body Wash
--/baby/bath-skincare/lotions-oils-powders : Lotions, Oils & Powders
-/baby/health-safety : Health & Safety
--/baby/health-safety/thermometers
--/baby/health-safety/oral-care
--/baby/health-safety/pacifiers-teethers : Pacifiers & Teethers
--/baby/health-safety/health-baby-care : Health & Baby Care
--/baby/health-safety/toys-squatters : Toys & Squatters
--/baby/health-safety/maternity
--/baby/health-safety/strollers-prams-car-seats: Strollers,prams & car seats
-/baby/what-s-new: What's New
--/baby/what-s-new/christmas-offer
--/baby/what-s-new/gift-pack
--/baby/what-s-new/top-deals
--/baby/what-s-new/latest-arrivals

/parenting
-/parenting/moms-maternity : Moms & Maternity
--/parenting/moms-maternity/am-i-pregnant : Am I Pregnant?
--/parenting/moms-maternity/ovulation-kits
--/parenting/moms-maternity/skin-care-for-moms
--/parenting/moms-maternity/nutrition-for-moms
--/parenting/moms-maternity/maternity-belts
--/parenting/moms-maternity/maternity-pads
-/parenting/diapering
--/parenting/diapering/diapers
---/parenting/diapering/diapers/small
---/parenting/diapering/diapers/medium
---/parenting/diapering/diapers/large
---/parenting/diapering/diapers/xl-xxl : XL/XXL
--/parenting/diapering/nappies
--/parenting/diapering/wipes
--/parenting/diapering/diaper-rash-creams
--/parenting/diapering/changing-mats
--/parenting/diapering/diaper-bags
--/parenting/diapering/potty-training
-/parenting/feeding-nursing : Feeding & Nursing
--/parenting/feeding-nursing/breastfeeding-aids
---/parenting/feeding-nursing/breastfeeding-aids/breast-pumps
---/parenting/feeding-nursing/breastfeeding-aids/breast-milk-bottles
---/parenting/feeding-nursing/breastfeeding-aids/breast-pads
---/parenting/feeding-nursing/breastfeeding-aids/breast-shields
---/parenting/feeding-nursing/breastfeeding-aids/misc
--/parenting/feeding-nursing/nipples-teats : Nipples & Teats
--/parenting/feeding-nursing/formula-supplements : Formula & Supplements
--/parenting/feeding-nursing/bibs-napkins : Bibs & Napkins
--/parenting/feeding-nursing/sterilizers-warmers : Sterilizers & Warmers
--/parenting/feeding-nursing/bottle-cleaning
--/parenting/feeding-nursing/teethers
--/parenting/feeding-nursing/pacifiers
--/parenting/feeding-nursing/bottles
---/parenting/feeding-nursing/bottles/breast-milk-bottles
---/parenting/feeding-nursing/bottles/glass-bottles
---/parenting/feeding-nursing/bottles/plastic-bottles
--/parenting/feeding-nursing/baby-kids-utensils : Baby & Kids Utensils
---/parenting/feeding-nursing/baby-kids-utensils/bowls-plates : Bowls & Plates
---/parenting/feeding-nursing/baby-kids-utensils/feeders
---/parenting/feeding-nursing/baby-kids-utensils/sippers-cups : Sippers & Cups
---/parenting/feeding-nursing/baby-kids-utensils/spoons-forks : Spoons & Forks
---/parenting/feeding-nursing/baby-kids-utensils/food-storage
---/parenting/feeding-nursing/baby-kids-utensils/lunch-boxes
---/parenting/feeding-nursing/baby-kids-utensils/water-bottles
-/parenting/bath-skin-care : Bath & Skin Care
--/parenting/bath-skin-care/soaps-gels : Soaps & Gels
--/parenting/bath-skin-care/shampoo
--/parenting/bath-skin-care/creams-lotions : Creams & Lotions
--/parenting/bath-skin-care/powder
--/parenting/bath-skin-care/oral-care
---/parenting/bath-skin-care/oral-care/toothpaste
---/parenting/bath-skin-care/oral-care/toothbrush
--/parenting/bath-skin-care/massage-oils
--/parenting/bath-skin-care/towels-wraps
--/parenting/bath-skin-care/laundry-detergents
--/parenting/bath-skin-care/bath-tubs-accessories : Bath Tubs & Accessories
---/parenting/bath-skin-care/bath-tubs-accessories/bath-tubs
---/parenting/bath-skin-care/bath-tubs-accessories/accessories
---/parenting/bath-skin-care/bath-tubs-accessories/bath-toys
--/parenting/bath-skin-care/grooming
---/parenting/bath-skin-care/grooming/combs-hair-brushes : Combs & Brushes
---/parenting/bath-skin-care/grooming/nail-clippers-scissors: Nail Clippers & Scissors
---/parenting/bath-skin-care/grooming/ear-buds-cotton-balls:Ear Buds & Cotton Balls
---/parenting/bath-skin-care/grooming/sunglasses
--/parenting/bath-skin-care/sunscreen
--/parenting/bath-skin-care/combo-packs
-/parenting/health-safety : Health & Safety
--/parenting/health-safety/thermometers
--/parenting/health-safety/medical-care
--/parenting/health-safety/eye-care
--/parenting/health-safety/child-proofing
--/parenting/health-safety/disinfectants
--/parenting/health-safety/repellents
--/parenting/health-safety/misc
-/parenting/toys-more : Toys & More
--/parenting/toys-more/toys
---/parenting/toys-more/toys/rattles
---/parenting/toys-more/toys/bath-toys
---/parenting/toys-more/toys/teethers
---/parenting/toys-more/toys/other-toys
--/parenting/toys-more/strollers
--/parenting/toys-more/walkers-cycles : Walkers & Cycles
--/parenting/toys-more/books-cds : Books & Cds
--/parenting/toys-more/apparels
---/parenting/toys-more/apparels/caps
---/parenting/toys-more/apparels/shoes
---/parenting/toys-more/apparels/socks
---/parenting/toys-more/apparels/t-shirts : T-shirts
--/parenting/toys-more/school-supplies
---/parenting/toys-more/school-supplies/school-bags
---/parenting/toys-more/school-supplies/lunch-boxes
---/parenting/toys-more/school-supplies/water-bottles
--/parenting/toys-more/misc

/services
-/services/health-checkups
--/services/health-checkups/diabetes
--/services/health-checkups/thyroid
---/services/health-checkups/thyroid/combos
--/services/health-checkups/complete-health-checkups :Complete Health Checkups
---/services/health-checkups/complete-health-checkups/men
---/services/health-checkups/complete-health-checkups/women
--/services/health-checkups/heart-checkup :Heart Checkup
--/services/health-checkups/lipid-profile :Lipid Profile
--/services/health-checkups/liver-function-test :Liver Function Test
--/services/health-checkups/kidney-function-test :Kidney Function Test
--/services/health-checkups/hiv-test :HIV Test
--/services/health-checkups/tuberculosis
--/services/health-checkups/hepatitis
--/services/health-checkups/arthritis
--/services/health-checkups/mri-scan :MRI Scan
--/services/health-checkups/ecg :ECG
--/services/health-checkups/pathology
--/services/health-checkups/radiology
-/services/health-programs  :Health Programs
--/services/health-programs/physiotherapy
--/services/health-programs/eye
--/services/health-programs/dental
--/services/health-programs/diabetes-management  :Diabetes Management
--/services/health-programs/elderly-care :Elderly Care
--/services/health-programs/health-management :Health Management
---/services/health-programs/health-management/men
---/services/health-programs/health-management/women
-/services/gyms-health-centres
--/services/gyms-health-centres/gym-membership  :Gym Membership
--/services/gyms-health-centres/exercise-yoga-classes  :Exercise & Yoga Classes
-/services/weight-management
--/services/weight-management/centre-specific-programs  :Centre Specific Programs
--/services/weight-management/online-programs  :Online Programs
-/services/health-cards
--/services/health-cards/indian-health-organisation
--/services/health-cards/others
-/services/hair-spa-beauty : Hair,Spa & Beauty
--/services/hair-spa-beauty/massages-spa  : Massages & Spa
--/services/hair-spa-beauty/beauty-care  :Beauty Care
--/services/hair-spa-beauty/skin-care :Skin Care
--/services/hair-spa-beauty/hair-treatment  :Hair Treatment
--/services/hair-spa-beauty/bridal-packages  :Bridal Packages